Distancia,Latitud,Longitud,BAZ,Magnitud,Estacion,TiempoInicio,TiempoFin
-57.5044403076,-28.7560911501,-71.6720259863,158.983553914,3.04,CO10,2021-07-04T00:30:29.000000Z,2021-07-04T00:33:25.975000Z
61.1511878967,-29.1265391621,-72.0759945718,281.77806085,6.57,CO10,2021-07-04T01:01:35.000000Z,2021-07-04T01:08:57.975000Z
63.2227325439,-29.5476614022,-72.0097441159,237.291262937,4.54,CO10,2021-07-04T01:09:01.000000Z,2021-07-04T01:13:09.975000Z
-57.0153045654,-29.6299297808,-71.0768770444,319.290224753,4.16,CO10,2021-07-04T01:13:11.000000Z,2021-07-04T01:17:31.975000Z
87.6106414795,-30.0211323387,-71.6030199557,189.005103996,3.61,CO10,2021-07-04T01:17:33.000000Z,2021-07-04T01:18:33.975000Z
80.0103302002,-29.0731172771,-70.6609225957,76.7818994038,3.36,CO10,2021-07-04T01:18:35.000000Z,2021-07-04T01:19:47.975000Z
85.5089950562,-29.6311495176,-72.2208604685,239.396272597,3.5,CO10,2021-07-04T01:20:25.000000Z,2021-07-04T01:21:09.975000Z
63.9014549255,-28.9743230187,-72.0431657443,297.361875102,3.24,CO10,2021-07-04T01:21:27.000000Z,2021-07-04T01:22:37.975000Z
64.6469192505,-29.7986991992,-71.6543637446,196.820670897,3.77,CO10,2021-07-04T01:22:39.000000Z,2021-07-04T01:25:09.975000Z
59.7823143005,-29.7387835946,-71.2247656506,157.538559093,4.17,CO10,2021-07-04T01:25:15.000000Z,2021-07-04T01:27:57.975000Z
82.0107955933,-29.7926293099,-70.897684374,138.39643485,3.28,CO10,2021-07-04T01:27:59.000000Z,2021-07-04T01:28:47.975000Z
71.2097930908,-29.8696472576,-71.3118557889,168.335804095,6.53,CO10,2021-07-04T01:29:13.000000Z,2021-07-04T01:38:31.975000Z
23.4339294434,-29.3775653937,-71.644597146,229.565690608,4.27,CO10,2021-07-04T01:39:19.000000Z,2021-07-04T01:42:15.975000Z
84.2255172729,-29.4900950856,-72.2802300012,250.629119744,4.31,CO10,2021-07-04T01:42:27.000000Z,2021-07-04T01:44:37.975000Z
23.20362854,-29.1317836898,-71.6646942272,301.258989797,3.84,CO10,2021-07-04T01:44:39.000000Z,2021-07-04T01:47:39.975000Z
26.2722396851,-29.3094423767,-71.7195524234,253.044903012,3.67,CO10,2021-07-04T01:47:41.000000Z,2021-07-04T01:50:17.975000Z
-7.58777523041,-29.2745741596,-71.3931154076,299.799979428,4.5,CO10,2021-07-04T01:50:19.000000Z,2021-07-04T01:55:03.975000Z
48.4396209717,-28.9797033118,-71.8601468024,306.551211611,3.3,CO10,2021-07-04T01:55:05.000000Z,2021-07-04T01:56:41.975000Z
-42.3110351563,-29.582021188,-71.2659641581,333.492346377,4.58,CO10,2021-07-04T01:56:43.000000Z,2021-07-04T02:00:35.975000Z
23.6972351074,-29.4516178165,-71.4218850195,170.816433179,3.46,CO10,2021-07-04T02:00:37.000000Z,2021-07-04T02:03:35.975000Z
47.7850341797,-29.533185658,-71.8223668654,227.165357228,3.02,CO10,2021-07-04T02:03:53.000000Z,2021-07-04T02:05:21.975000Z
16.9759674072,-29.2670086889,-71.6328981085,260.017542607,4.28,CO10,2021-07-04T02:05:25.000000Z,2021-07-04T02:07:45.975000Z
-3.24676442146,-29.2169665677,-71.441093308,216.318702637,4.59,CO10,2021-07-04T02:07:47.000000Z,2021-07-04T02:11:01.975000Z
53.3388900757,-28.9062383443,-71.8548830157,313.910002782,4.05,CO10,2021-07-04T02:11:03.000000Z,2021-07-04T02:13:23.975000Z
-4.80034542084,-29.2049963612,-71.4327102739,214.782552112,3.42,CO10,2021-07-04T02:13:25.000000Z,2021-07-04T02:17:13.975000Z
6.86125278473,-29.1996866717,-71.5138561543,311.320923954,4.6,CO10,2021-07-04T02:17:37.000000Z,2021-07-04T02:21:37.975000Z
40.3689041138,-29.4332749323,-71.8135750811,237.968243967,3.74,CO10,2021-07-04T02:21:39.000000Z,2021-07-04T02:24:17.975000Z
-0.599135637283,-29.2385302885,-71.4551625244,247.832047996,3.31,CO10,2021-07-04T02:24:35.000000Z,2021-07-04T02:27:11.975000Z
88.7084732056,-29.8924040376,-71.9919849108,215.332095472,3.13,CO10,2021-07-04T02:27:33.000000Z,2021-07-04T02:28:21.975000Z
2.63082194328,-29.2244869033,-71.4807711229,312.651499446,4.27,CO10,2021-07-04T02:28:23.000000Z,2021-07-04T02:32:43.975000Z
65.2837295532,-29.5871822568,-70.9169964152,126.183769746,3.57,CO10,2021-07-04T02:32:47.000000Z,2021-07-04T02:35:05.975000Z
83.2686843872,-29.9073054591,-71.0649343623,152.663252026,3.73,CO10,2021-07-04T02:35:17.000000Z,2021-07-04T02:37:19.975000Z
88.4367675781,-29.7255953117,-72.184913791,232.383580773,3.6,CO10,2021-07-04T02:38:33.000000Z,2021-07-04T02:39:09.975000Z
82.0015563965,-29.9446650318,-71.7205970741,197.805215345,3.85,CO10,2021-07-04T02:39:25.000000Z,2021-07-04T02:41:35.975000Z
95.2051467896,-29.7954295677,-70.7112616145,130.425003032,3.57,CO10,2021-07-04T02:41:41.000000Z,2021-07-04T02:42:15.975000Z
76.4789123535,-29.2477014729,-72.2475761696,269.21564908,3.79,CO10,2021-07-04T02:42:21.000000Z,2021-07-04T02:44:23.975000Z
84.3650283813,-29.6770969517,-72.1733121493,234.828433326,3.23,CO10,2021-07-04T02:44:25.000000Z,2021-07-04T02:45:21.975000Z
86.0715408325,-28.9922073634,-72.2987556059,288.448177707,3.96,CO10,2021-07-04T02:45:51.000000Z,2021-07-04T02:48:07.975000Z
86.556678772,-28.6411492148,-72.0299524124,319.996165785,3.9,CO10,2021-07-04T02:48:11.000000Z,2021-07-04T02:49:31.975000Z
85.8971252441,-29.8910475313,-71.9426528302,212.804611291,3.23,CO10,2021-07-04T02:49:33.000000Z,2021-07-04T02:50:25.975000Z
45.2554855347,-29.4724259647,-71.8444910462,235.304196983,3.5,CO10,2021-07-04T02:51:03.000000Z,2021-07-04T02:54:07.975000Z
33.658416748,-29.5162744204,-71.315563039,155.257030024,3.13,CO10,2021-07-04T02:55:23.000000Z,2021-07-04T02:56:55.975000Z
-26.3372039795,-29.4278754885,-71.2940147363,322.066204877,5.22,CO10,2021-07-04T02:56:59.000000Z,2021-07-04T03:02:27.975000Z
83.2643585205,-29.985690216,-71.5697710939,187.250961153,4.0,CO10,2021-07-04T03:02:29.000000Z,2021-07-04T03:04:05.975000Z
92.6206512451,-30.0571479963,-71.6636932402,192.191168677,3.55,CO10,2021-07-04T03:05:25.000000Z,2021-07-04T03:06:05.975000Z
-62.1357421875,-29.7732842132,-71.2613731066,341.911182907,4.93,CO10,2021-07-04T03:07:09.000000Z,2021-07-04T03:12:51.975000Z
87.5155487061,-29.9284286313,-71.9042791976,209.289427113,4.06,CO10,2021-07-04T03:12:55.000000Z,2021-07-04T03:14:39.975000Z
33.9979171753,-29.5116319366,-71.6247571063,207.864007615,3.19,CO10,2021-07-04T03:14:47.000000Z,2021-07-04T03:17:23.975000Z
81.5113677979,-29.9094582248,-71.8103863662,204.463393031,3.81,CO10,2021-07-04T03:17:55.000000Z,2021-07-04T03:20:03.975000Z
51.5164833069,-29.4877193936,-71.0115275426,122.234513387,3.19,CO10,2021-07-04T03:20:23.000000Z,2021-07-04T03:21:47.975000Z
60.4170837402,-29.1734206706,-72.077431226,276.925730539,2.88,CO10,2021-07-04T03:21:51.000000Z,2021-07-04T03:23:07.975000Z
92.3188476563,-29.9312674206,-71.9933375187,213.841584271,3.51,CO10,2021-07-04T03:23:51.000000Z,2021-07-04T03:24:33.975000Z
87.2652435303,-29.961147662,-71.0980066497,156.336022328,3.16,CO10,2021-07-04T03:24:35.000000Z,2021-07-04T03:25:19.975000Z
44.3736877441,-29.5273250399,-71.779834882,224.172696183,3.33,CO10,2021-07-04T03:25:23.000000Z,2021-07-04T03:27:41.975000Z
98.8599090576,-30.0144596931,-70.9534651529,150.319458952,3.33,CO10,2021-07-04T03:28:39.000000Z,2021-07-04T03:29:11.975000Z
49.1230163574,-29.3878180539,-71.937822199,250.477981318,3.27,CO10,2021-07-04T03:30:03.000000Z,2021-07-04T03:31:41.975000Z
36.4769287109,-29.3369197524,-71.8198256961,252.888218473,3.39,CO10,2021-07-04T03:31:43.000000Z,2021-07-04T03:33:35.975000Z
81.5117263794,-29.9475198781,-71.229242128,164.077836846,3.48,CO10,2021-07-04T03:36:55.000000Z,2021-07-04T03:37:43.975000Z
84.4421234131,-29.8360861664,-70.9175747448,141.551340209,3.17,CO10,2021-07-04T03:37:45.000000Z,2021-07-04T03:38:47.975000Z
79.7681274414,-29.0185735842,-72.2405737367,287.776606187,3.12,CO10,2021-07-04T03:39:21.000000Z,2021-07-04T03:40:09.975000Z
70.7047576904,-29.6009841269,-72.0620277737,235.449379484,3.77,CO10,2021-07-04T03:40:11.000000Z,2021-07-04T03:43:03.975000Z
97.4324874878,-29.2449851713,-72.4631455488,269.467409853,3.48,CO10,2021-07-04T03:44:13.000000Z,2021-07-04T03:44:45.975000Z
97.2715682983,-29.5372569388,-72.4039280133,250.009266417,3.48,CO10,2021-07-04T03:45:33.000000Z,2021-07-04T03:46:05.975000Z
73.4742431641,-29.7778201889,-71.9047422864,215.746045917,4.25,CO10,2021-07-04T03:46:09.000000Z,2021-07-04T03:48:29.975000Z
80.5210800171,-28.9616781617,-72.2246728109,292.389032933,3.29,CO10,2021-07-04T03:48:31.000000Z,2021-07-04T03:49:25.975000Z
40.2695541382,-29.5598885312,-71.6587535056,208.438248939,2.95,CO10,2021-07-04T03:49:27.000000Z,2021-07-04T03:50:49.975000Z
75.0894927979,-29.220380974,-72.2328794199,271.519198679,4.77,CO10,2021-07-04T03:50:59.000000Z,2021-07-04T03:55:09.975000Z
76.0773849487,-29.476782195,-72.1965021848,249.689968733,2.96,CO10,2021-07-04T03:55:35.000000Z,2021-07-04T03:56:31.975000Z
86.3215637207,-29.851453865,-70.9084842962,141.803661057,3.75,CO10,2021-07-04T03:57:59.000000Z,2021-07-04T03:58:57.975000Z
86.0272521973,-28.465742045,-71.4087468546,3.40194006755,3.13,CO10,2021-07-04T03:59:15.000000Z,2021-07-04T04:00:01.975000Z
76.0369262695,-29.835802383,-71.0709441718,150.289829591,3.16,CO10,2021-07-04T04:00:39.000000Z,2021-07-04T04:01:33.975000Z
67.9114837646,-28.7329115285,-71.0706540071,34.1470355668,5.39,CO10,2021-07-04T04:03:21.000000Z,2021-07-04T04:08:03.975000Z
72.55103302,-29.8745486275,-71.6469821698,194.349016681,5.12,CO10,2021-07-04T04:08:07.000000Z,2021-07-04T04:12:25.975000Z
90.7221298218,-29.8446512958,-72.0924165783,222.277769481,3.38,CO10,2021-07-04T04:14:45.000000Z,2021-07-04T04:15:25.975000Z
73.9660949707,-28.9540881102,-72.1471121004,295.255280838,3.48,CO10,2021-07-04T04:15:27.000000Z,2021-07-04T04:16:53.975000Z
63.4603652954,-29.7140318502,-71.8287500042,214.120378932,3.27,CO10,2021-07-04T04:19:41.000000Z,2021-07-04T04:21:09.975000Z
76.889175415,-29.8661236447,-71.1180289283,154.481229817,3.36,CO10,2021-07-04T04:23:09.000000Z,2021-07-04T04:24:13.975000Z
78.3987884521,,,,3.34,CO10,2021-07-04T04:25:37.000000Z,2021-07-04T04:26:29.975000Z
69.2864379883,-29.7556240422,-71.8657376215,214.415456765,4.02,CO10,2021-07-04T04:27:37.000000Z,2021-07-04T04:30:03.975000Z
80.5676040649,-29.7315550465,-70.8482827482,132.642464927,4.26,CO10,2021-07-04T04:30:57.000000Z,2021-07-04T04:33:35.975000Z
79.6823806763,-28.8742498657,-72.1649061847,300.462043325,4.17,CO10,2021-07-04T04:36:39.000000Z,2021-07-04T04:39:19.975000Z
96.8423461914,-30.070950793,-71.1499434092,161.96648877,3.35,CO10,2021-07-04T04:41:33.000000Z,2021-07-04T04:42:07.975000Z
38.0351257324,-28.9235430885,-71.6104062658,337.457571719,2.74,CO10,2021-07-04T04:42:49.000000Z,2021-07-04T04:44:03.975000Z
95.0559921265,-29.7900107216,-72.2136553819,229.971294562,3.57,CO10,2021-07-04T04:45:55.000000Z,2021-07-04T04:46:27.975000Z
88.3824386597,-29.9612768022,-71.0705640894,154.768985687,3.26,CO10,2021-07-04T04:48:39.000000Z,2021-07-04T04:49:23.975000Z
27.7795257568,-29.4399418988,-71.6341956831,217.254930327,3.24,CO10,2021-07-04T04:50:35.000000Z,2021-07-04T04:52:13.975000Z
85.4534759521,-30.0112328845,-71.4836357022,181.47282602,3.91,CO10,2021-07-04T04:56:45.000000Z,2021-07-04T04:59:45.975000Z
81.1269378662,-29.6656002595,-72.1416829456,234.332206422,3.76,CO10,2021-07-04T05:02:35.000000Z,2021-07-04T05:04:09.975000Z
72.7639541626,-29.8953308277,-71.4070893717,175.906153545,4.16,CO10,2021-07-04T05:05:37.000000Z,2021-07-04T05:09:19.975000Z
89.6712112427,-30.0480308808,-71.5173664767,183.483606391,3.49,CO10,2021-07-04T05:11:45.000000Z,2021-07-04T05:12:31.975000Z
89.1037979126,-29.7571295389,-70.7567928933,130.158174862,3.17,CO10,2021-07-04T05:13:53.000000Z,2021-07-04T05:14:35.975000Z
55.9430732727,-29.1281123051,-70.9001693794,77.2626900798,3.32,CO10,2021-07-04T05:29:27.000000Z,2021-07-04T05:32:01.975000Z
70.5010604858,-28.7908569374,-70.9490931809,45.1330157712,3.16,CO10,2021-07-04T05:32:31.000000Z,2021-07-04T05:33:29.975000Z
59.6084480286,-29.7316162154,-71.2102761922,156.00105619,3.62,CO10,2021-07-04T05:33:47.000000Z,2021-07-04T05:36:27.975000Z
78.1069259644,-29.7560098277,-72.0101120536,222.854934126,3.17,CO10,2021-07-04T05:37:25.000000Z,2021-07-04T05:38:13.975000Z
74.9315719604,-29.8823452203,-71.2179457626,161.74913849,4.79,CO10,2021-07-04T05:39:59.000000Z,2021-07-04T05:42:51.975000Z
68.4125289917,-29.6692393091,-71.9682449541,225.885215853,3.51,CO10,2021-07-04T05:42:53.000000Z,2021-07-04T05:45:47.975000Z
70.8535842896,-29.2660765766,-72.1892341598,267.53528594,3.38,CO10,2021-07-04T05:47:43.000000Z,2021-07-04T05:48:57.975000Z
87.2537841797,-30.0270185216,-71.4225671039,177.573047552,3.74,CO10,2021-07-04T05:53:17.000000Z,2021-07-04T05:54:19.975000Z
86.1119537354,-29.250482638,-72.3466548134,269.052571483,3.53,CO10,2021-07-04T05:56:11.000000Z,2021-07-04T05:57:17.975000Z
100.212593079,-29.1209516259,-72.4820804243,277.353464306,3.36,CO10,2021-07-04T05:59:59.000000Z,2021-07-04T06:00:31.975000Z
34.4920425415,-29.4973370865,-71.661567378,214.3488351,4.08,CO10,2021-07-04T06:01:43.000000Z,2021-07-04T06:05:17.975000Z
65.3963699341,-29.7684640587,-71.7620496361,206.448696796,2.91,CO10,2021-07-04T06:08:35.000000Z,2021-07-04T06:09:35.975000Z
86.0265808105,-29.8764779878,-70.9519769532,145.146287335,3.59,CO10,2021-07-04T06:09:43.000000Z,2021-07-04T06:10:25.975000Z
-51.3139801025,-29.4289128648,-70.9782304892,294.124037586,3.05,CO10,2021-07-04T06:14:05.000000Z,2021-07-04T06:18:17.975000Z
83.7693023682,-29.9955591882,-71.4990699028,182.521956737,3.81,CO10,2021-07-04T06:22:39.000000Z,2021-07-04T06:24:37.975000Z
96.2616500854,-29.445536328,-72.4240811241,256.113160591,3.57,CO10,2021-07-04T06:27:25.000000Z,2021-07-04T06:27:59.975000Z
80.4211425781,-28.6345406886,-71.0072614174,33.4718167258,3.41,CO10,2021-07-04T06:33:09.000000Z,2021-07-04T06:34:05.975000Z
95.2682037354,-29.2655051921,-72.4405793224,268.098230132,3.39,CO10,2021-07-04T06:35:09.000000Z,2021-07-04T06:35:47.975000Z
77.4659042358,-28.5526807447,-71.3202199619,10.2343221552,3.64,CO10,2021-07-04T06:37:39.000000Z,2021-07-04T06:38:41.975000Z
66.6323471069,-29.6930646827,-71.0086296116,138.938178134,3.41,CO10,2021-07-04T06:39:43.000000Z,2021-07-04T06:41:53.975000Z
91.0354995728,-30.0539324158,-71.33066947,172.072136137,3.3,CO10,2021-07-04T06:42:53.000000Z,2021-07-04T06:43:33.975000Z
86.5276260376,-29.2427180548,-72.3509661091,269.624941336,3.61,CO10,2021-07-04T06:48:03.000000Z,2021-07-04T06:49:03.975000Z
89.7904815674,-28.9750737539,-72.3323917509,288.918586495,3.27,CO10,2021-07-04T06:53:37.000000Z,2021-07-04T06:54:13.975000Z
74.7384719849,-29.913592775,-71.4141823876,176.5414431,3.06,CO10,2021-07-04T06:55:25.000000Z,2021-07-04T06:56:19.975000Z
77.6593399048,-29.1597913811,-72.2540956017,276.426798881,3.14,CO10,2021-07-04T07:01:45.000000Z,2021-07-04T07:02:39.975000Z
69.7872009277,-28.7959045436,-70.953701854,45.1954095493,2.99,CO10,2021-07-04T07:03:11.000000Z,2021-07-04T07:04:19.975000Z
77.9324188232,-29.9281513551,-71.2929447539,167.991384976,3.83,CO10,2021-07-04T07:05:07.000000Z,2021-07-04T07:07:03.975000Z
77.4969711304,-29.7710128155,-71.9815504526,220.523093883,3.2,CO10,2021-07-04T07:08:41.000000Z,2021-07-04T07:09:25.975000Z
66.418006897,-28.9416124822,-72.0521404666,299.782876635,3.07,CO10,2021-07-04T07:09:27.000000Z,2021-07-04T07:10:33.975000Z
83.461517334,-28.9559223317,-72.2546208729,292.017279397,3.26,CO10,2021-07-04T07:11:19.000000Z,2021-07-04T07:12:09.975000Z
74.0835189819,-29.5402158562,-72.1430684559,243.196781097,3.14,CO10,2021-07-04T07:12:35.000000Z,2021-07-04T07:13:39.975000Z
89.2485198975,-30.0404427219,-71.5662726071,186.540635139,3.55,CO10,2021-07-04T07:16:09.000000Z,2021-07-04T07:16:47.975000Z
68.0768203735,-29.4850313381,-72.1040638434,246.38759959,3.84,CO10,2021-07-04T07:25:29.000000Z,2021-07-04T07:27:41.975000Z
66.315322876,-28.6439172871,-71.5117018901,355.701963219,3.26,CO10,2021-07-04T07:29:55.000000Z,2021-07-04T07:31:17.975000Z
80.6419448853,-29.8504461193,-71.0072312384,147.071676681,3.19,CO10,2021-07-04T07:31:31.000000Z,2021-07-04T07:32:39.975000Z
66.8773345947,-29.3675863878,-72.1338211131,257.68301127,3.23,CO10,2021-07-04T07:32:43.000000Z,2021-07-04T07:34:19.975000Z
82.1148376465,-28.760798864,-72.1030389345,310.203040553,3.34,CO10,2021-07-04T07:35:49.000000Z,2021-07-04T07:36:39.975000Z
27.9999771118,-29.390530007,-71.2289135272,126.471976408,3.32,CO10,2021-07-04T07:45:49.000000Z,2021-07-04T07:49:47.975000Z
80.9934005737,-28.8541511915,-72.1666925517,301.752566587,3.6,CO10,2021-07-04T07:52:13.000000Z,2021-07-04T07:53:21.975000Z
85.5497817993,-28.775807695,-72.1619085272,306.852231709,3.12,CO10,2021-07-04T07:53:25.000000Z,2021-07-04T07:54:35.975000Z
2.17401957512,-29.2256936404,-71.4462960586,40.6756172434,3.33,CO10,2021-07-04T07:57:17.000000Z,2021-07-04T08:00:07.975000Z
85.4281311035,-29.4408907408,-72.3102771614,254.727342529,3.9,CO10,2021-07-04T08:03:13.000000Z,2021-07-04T08:05:19.975000Z
84.4618453979,-29.211379172,-72.328949028,271.983405656,3.86,CO10,2021-07-04T08:05:41.000000Z,2021-07-04T08:06:59.975000Z
83.3985061646,-29.8535209947,-71.9598831665,215.322546868,3.83,CO10,2021-07-04T08:07:01.000000Z,2021-07-04T08:08:33.975000Z
7.56124210358,-29.3081557097,-71.4714342882,187.800968966,3.27,CO10,2021-07-04T08:15:51.000000Z,2021-07-04T08:20:53.975000Z
42.7356719971,-29.3064266698,-71.0275801155,99.9406529923,2.85,CO10,2021-07-04T08:29:21.000000Z,2021-07-04T08:30:41.975000Z
47.4839553833,-29.6600881632,-71.3617822022,168.344396473,3.51,CO10,2021-07-04T08:31:35.000000Z,2021-07-04T08:33:19.975000Z
-259.627471924,-30.6284983576,-69.2946918897,306.876219333,3.05,CO10,2021-07-04T08:43:27.000000Z,2021-07-04T08:49:37.975000Z
53.1630821228,-29.3523177529,-71.9929853955,256.397050574,3.15,CO10,2021-07-04T08:51:01.000000Z,2021-07-04T08:53:01.975000Z
87.938659668,-29.1829697911,-72.3628357596,273.943150853,3.25,CO10,2021-07-04T08:53:23.000000Z,2021-07-04T08:54:11.975000Z
89.8126220703,-30.0113350314,-71.7468293777,197.889486219,3.72,CO10,2021-07-04T08:54:15.000000Z,2021-07-04T08:54:49.975000Z
83.9540710449,-29.429638203,-72.2979188213,255.340256385,3.71,CO10,2021-07-04T08:59:17.000000Z,2021-07-04T09:00:17.975000Z
89.3887481689,-29.3507886365,-70.5494871973,98.0779579528,3.25,CO10,2021-07-04T09:00:19.000000Z,2021-07-04T09:01:03.975000Z
88.7659301758,-28.9643426994,-72.3168069924,289.967758193,3.18,CO10,2021-07-04T09:02:29.000000Z,2021-07-04T09:03:19.975000Z
42.3848724365,-29.1523455354,-71.8849287082,283.235513936,3.7,CO10,2021-07-04T09:04:19.000000Z,2021-07-04T09:08:03.975000Z
-74.9449615479,-29.3007733815,-70.6927656245,275.295965441,2.98,CO10,2021-07-04T09:10:21.000000Z,2021-07-04T09:13:07.975000Z
16.1915512085,-29.3515181078,-71.3524649233,139.447068208,3.95,CO10,2021-07-04T09:13:19.000000Z,2021-07-04T09:16:57.975000Z
-14.82417202,-29.3338807183,-71.570165946,45.7316886822,3.74,CO10,2021-07-04T09:17:53.000000Z,2021-07-04T09:24:09.975000Z
80.3508758545,-28.6189557918,-71.88492294,328.927730955,3.52,CO10,2021-07-04T09:25:35.000000Z,2021-07-04T09:26:29.975000Z
76.2876663208,-28.6528947767,-71.8682496638,328.529121115,3.26,CO10,2021-07-04T09:27:01.000000Z,2021-07-04T09:27:49.975000Z
81.8388900757,-29.6313539331,-70.7452320585,122.132128851,3.68,CO10,2021-07-04T09:33:37.000000Z,2021-07-04T09:36:13.975000Z
77.8405685425,-28.9788456792,-72.2029754988,291.699538997,3.4,CO10,2021-07-04T09:41:01.000000Z,2021-07-04T09:42:01.975000Z
71.0629196167,-29.3282960659,-72.1853113383,261.958436483,3.25,CO10,2021-07-04T09:42:45.000000Z,2021-07-04T09:43:37.975000Z
43.3310699463,-29.4745738894,-71.1034016429,126.856188209,3.06,CO10,2021-07-04T09:47:17.000000Z,2021-07-04T09:48:33.975000Z
76.3448638916,-29.4265874411,-72.2177151697,254.146475921,4.66,CO10,2021-07-04T09:52:47.000000Z,2021-07-04T09:56:01.975000Z
-8.75992488861,-29.2325388009,-71.5505111891,95.8105195635,3.54,CO10,2021-07-04T09:56:57.000000Z,2021-07-04T10:00:49.975000Z
86.4311294556,-29.9847954853,-71.1946236082,162.706047993,3.08,CO10,2021-07-04T10:04:37.000000Z,2021-07-04T10:05:19.975000Z
64.9165649414,-29.7412966589,-71.1136700791,148.842894997,3.59,CO10,2021-07-04T10:08:31.000000Z,2021-07-04T10:13:31.975000Z
88.2290802002,-29.6156315902,-72.2628629242,241.691789895,3.25,CO10,2021-07-04T10:20:47.000000Z,2021-07-04T10:21:31.975000Z
20.1015090942,-29.1767356358,-71.6543568406,290.561301632,3.2,CO10,2021-07-04T10:21:37.000000Z,2021-07-04T10:26:25.975000Z
77.1044387817,-29.0151553251,-70.711327828,71.2756604421,2.86,CO10,2021-07-04T10:26:27.000000Z,2021-07-04T10:27:17.975000Z
66.3437271118,-29.634202871,-70.9457693656,131.247671997,3.26,CO10,2021-07-04T10:28:17.000000Z,2021-07-04T10:29:39.975000Z
70.4384994507,-29.8431233105,-71.6917297706,198.46542143,4.07,CO10,2021-07-04T10:34:45.000000Z,2021-07-04T10:39:01.975000Z
-33.678527832,-29.0030281095,-71.6766549836,141.369643516,3.19,CO10,2021-07-04T10:46:05.000000Z,2021-07-04T10:53:53.975000Z
77.7145080566,-29.7148107179,-72.0510421362,227.291852332,4.27,CO10,2021-07-04T10:54:11.000000Z,2021-07-04T10:58:09.975000Z
97.6854476929,-30.094223545,-71.7114869011,194.318690642,3.67,CO10,2021-07-04T10:58:11.000000Z,2021-07-04T10:58:45.975000Z
57.4230117798,-29.7432460748,-71.6040713424,193.959572955,3.53,CO10,2021-07-04T11:04:29.000000Z,2021-07-04T11:06:29.975000Z
83.9822311401,-29.1654194361,-72.3202028108,275.482374964,3.43,CO10,2021-07-04T11:06:43.000000Z,2021-07-04T11:07:43.975000Z
65.0605010986,-29.8132688054,-71.3138608009,167.383238593,3.26,CO10,2021-07-04T11:08:13.000000Z,2021-07-04T11:09:41.975000Z
54.2121238708,-29.6100495935,-71.8269219138,220.846257453,3.94,CO10,2021-07-04T11:23:33.000000Z,2021-07-04T11:29:53.975000Z
79.6156158447,-29.0405042899,-72.2466872502,285.980539643,3.95,CO10,2021-07-04T11:29:59.000000Z,2021-07-04T11:33:19.975000Z
10.4865808487,-29.2413263073,-71.5687397882,269.515630988,3.5,CO10,2021-07-04T11:34:15.000000Z,2021-07-04T11:39:39.975000Z
77.7359161377,-29.3710534361,-72.2470589315,259.085331069,4.74,CO10,2021-07-04T11:43:41.000000Z,2021-07-04T11:53:47.975000Z
16.0413131714,-29.3852795534,-71.4631798242,180.800912991,2.94,CO10,2021-07-04T12:01:31.000000Z,2021-07-04T12:02:59.975000Z
74.1132125854,-29.8099949935,-71.8615761867,211.511424254,3.37,CO10,2021-07-04T12:05:53.000000Z,2021-07-04T12:07:07.975000Z
94.0028915405,-29.4508993455,-72.3986080962,255.411071786,3.65,CO10,2021-07-04T12:07:43.000000Z,2021-07-04T12:08:19.975000Z
79.2292404175,-29.6883915306,-70.8242462574,128.949313341,3.58,CO10,2021-07-04T12:08:49.000000Z,2021-07-04T12:09:37.975000Z
-89.4503173828,-28.6819986636,-70.7984940148,226.363807208,3.16,CO10,2021-07-04T12:10:29.000000Z,2021-07-04T12:13:45.975000Z
-86.5329589844,-28.7909766791,-72.187026449,124.98337766,2.77,CO10,2021-07-04T12:16:41.000000Z,2021-07-04T12:20:19.975000Z
72.560005188,-29.7975329568,-71.85413537,211.601487129,3.55,CO10,2021-07-04T12:23:09.000000Z,2021-07-04T12:25:05.975000Z
61.7793045044,-29.6792442392,-71.8537410524,217.991921399,2.95,CO10,2021-07-04T12:26:09.000000Z,2021-07-04T12:27:35.975000Z
-36.4539489746,-29.5683440125,-71.4916565554,4.69414184908,3.46,CO10,2021-07-04T12:44:51.000000Z,2021-07-04T12:47:03.975000Z
84.0321502686,-29.8497119819,-71.9769969557,216.407235549,3.44,CO10,2021-07-04T12:47:57.000000Z,2021-07-04T12:49:05.975000Z
68.9436798096,-28.9621635051,-72.0942200449,296.43422613,2.97,CO10,2021-07-04T12:50:07.000000Z,2021-07-04T12:51:07.975000Z
78.6035995483,-29.0344749273,-72.233777401,286.706151619,3.46,CO10,2021-07-04T12:52:07.000000Z,2021-07-04T12:54:59.975000Z
45.9169311523,-29.2088260465,-71.9317449301,274.279742576,3.02,CO10,2021-07-04T13:02:17.000000Z,2021-07-04T13:03:31.975000Z
89.7732391357,-29.8816707011,-70.8947894034,142.472541482,3.07,CO10,2021-07-04T13:09:45.000000Z,2021-07-04T13:10:37.975000Z
86.7116851807,-29.6450943298,-72.2258517117,238.674540168,3.67,CO10,2021-07-04T13:11:33.000000Z,2021-07-04T13:12:29.975000Z
-47.9045562744,-29.510881559,-71.0758616333,308.809408755,3.57,CO10,2021-07-04T13:15:01.000000Z,2021-07-04T13:21:17.975000Z
78.0886993408,-29.7087596377,-70.859265151,131.797256338,3.27,CO10,2021-07-04T13:22:51.000000Z,2021-07-04T13:24:13.975000Z
85.5142974854,-29.85017003,-72.0016183616,217.665697904,3.85,CO10,2021-07-04T13:27:01.000000Z,2021-07-04T13:28:51.975000Z
94.9049072266,-29.0440668333,-72.4101750395,283.035744563,3.28,CO10,2021-07-04T13:30:35.000000Z,2021-07-04T13:31:11.975000Z
14.1895990372,-29.1329436865,-71.5398691747,327.194693397,4.19,CO10,2021-07-04T13:31:35.000000Z,2021-07-04T13:35:19.975000Z
60.5182800293,-28.9872830125,-70.9100443626,62.4959508679,3.26,CO10,2021-07-04T13:35:53.000000Z,2021-07-04T13:36:55.975000Z
82.8159179688,-29.381231008,-72.2981189648,258.943973474,3.47,CO10,2021-07-04T13:37:03.000000Z,2021-07-04T13:37:47.975000Z
49.4064025879,-29.2134696399,-71.9680947463,273.36173783,2.95,CO10,2021-07-04T13:38:57.000000Z,2021-07-04T13:40:23.975000Z
86.1129074097,-28.8652147604,-70.6866904769,61.2989602158,3.34,CO10,2021-07-04T13:40:27.000000Z,2021-07-04T13:41:17.975000Z
39.831741333,-29.487400064,-71.7590206245,226.544465712,3.06,CO10,2021-07-04T13:41:23.000000Z,2021-07-04T13:43:31.975000Z
-30.6141204834,-29.0871767089,-71.7225656659,123.671721792,3.1,CO10,2021-07-04T13:49:05.000000Z,2021-07-04T13:51:09.975000Z
76.6031723022,-29.37206699,-72.2349694661,258.842230976,3.17,CO10,2021-07-04T13:52:31.000000Z,2021-07-04T13:53:51.975000Z
5.27106571198,-29.2872771258,-71.4506710465,169.163308834,3.28,CO10,2021-07-04T14:08:53.000000Z,2021-07-04T14:11:47.975000Z
39.5017089844,-29.5274651959,-71.219475057,143.67227787,3.66,CO10,2021-07-04T14:13:01.000000Z,2021-07-04T14:16:49.975000Z
84.4885482788,-28.984240476,-72.2783569139,289.450521628,4.01,CO10,2021-07-04T14:21:13.000000Z,2021-07-04T14:23:09.975000Z
68.7423324585,-29.8516562205,-71.5818005959,189.787379222,3.04,CO10,2021-07-04T14:23:11.000000Z,2021-07-04T14:24:23.975000Z
74.1615829468,-29.2995178286,-72.2210044342,264.75982491,3.51,CO10,2021-07-04T14:34:13.000000Z,2021-07-04T14:35:51.975000Z
69.6683731079,-29.3169496647,-70.7492543407,97.1536216223,3.61,CO10,2021-07-04T14:48:51.000000Z,2021-07-04T14:51:03.975000Z
91.1833572388,-29.9566723668,-71.9241097599,209.367168327,3.32,CO10,2021-07-04T14:59:39.000000Z,2021-07-04T15:00:13.975000Z
68.0066757202,-29.8528208175,-71.4155771133,176.310104593,3.86,CO10,2021-07-04T15:00:15.000000Z,2021-07-04T15:05:01.975000Z
18.5448150635,-29.4078321914,-71.4563125838,178.633297816,5.63,CO10,2021-07-04T15:05:25.000000Z,2021-07-04T15:11:35.975000Z
39.9931945801,-29.58081171,-71.5980179391,199.406143384,3.07,CO10,2021-07-04T15:13:59.000000Z,2021-07-04T15:15:27.975000Z
-146.037857056,-28.1793072376,-72.3467717285,143.435652797,3.02,CO10,2021-07-04T15:16:57.000000Z,2021-07-04T15:20:57.975000Z
96.9834365845,-29.0621145803,-72.4367037093,281.52998838,3.31,CO10,2021-07-04T15:26:03.000000Z,2021-07-04T15:26:37.975000Z
68.4975585938,-29.0913049851,-72.1441318791,283.810260694,3.23,CO10,2021-07-04T15:34:49.000000Z,2021-07-04T15:36:29.975000Z
-14.6392202377,-29.1616354606,-71.5815610993,126.671841404,2.91,CO10,2021-07-04T15:40:39.000000Z,2021-07-04T15:43:57.975000Z
30.228767395,-29.1262621982,-71.1787013565,65.2892728422,2.81,CO10,2021-07-04T15:50:25.000000Z,2021-07-04T15:52:07.975000Z
82.2427215576,-29.7645103359,-70.8603016343,135.069818535,3.34,CO10,2021-07-04T15:52:41.000000Z,2021-07-04T15:53:27.975000Z
66.2768707275,-29.8066252078,-71.2406420551,161.26243287,5.0,CO10,2021-07-04T15:57:09.000000Z,2021-07-04T16:02:15.975000Z
-80.2732696533,-28.6826574955,-71.9860005151,140.25517521,2.96,CO10,2021-07-04T16:06:17.000000Z,2021-07-04T16:09:33.975000Z
9.96399784088,-29.2650158821,-71.55951628,254.196336302,3.14,CO10,2021-07-04T16:10:01.000000Z,2021-07-04T16:11:49.975000Z
98.0291824341,-29.7566287873,-72.2818660549,234.100116594,3.68,CO10,2021-07-04T16:18:21.000000Z,2021-07-04T16:18:53.975000Z
79.3386764526,-29.0950438525,-72.259400357,281.535452531,3.08,CO10,2021-07-04T16:21:49.000000Z,2021-07-04T16:22:43.975000Z
82.9363174438,-28.5037570488,-71.6092268045,349.913787708,3.48,CO10,2021-07-04T16:25:29.000000Z,2021-07-04T16:26:21.975000Z
93.877204895,-29.3750944057,-72.414929839,260.627560463,3.59,CO10,2021-07-04T16:30:47.000000Z,2021-07-04T16:31:35.975000Z
80.7567596436,-28.5131333782,-71.5082244188,356.709197555,3.57,CO10,2021-07-04T16:34:45.000000Z,2021-07-04T16:35:57.975000Z
79.765045166,-28.5272060821,-71.3527623453,7.6234089204,3.72,CO10,2021-07-04T16:40:39.000000Z,2021-07-04T16:42:11.975000Z
83.2123565674,-28.9460598323,-72.2471235063,292.904985423,3.1,CO10,2021-07-04T16:46:21.000000Z,2021-07-04T16:47:15.975000Z
-38.3922119141,-29.3356292428,-71.0809268511,286.02160274,3.12,CO10,2021-07-04T16:47:37.000000Z,2021-07-04T16:50:19.975000Z
87.6914978027,-29.7728770496,-70.7917999648,132.451438196,3.25,CO10,2021-07-04T17:16:29.000000Z,2021-07-04T17:17:19.975000Z
83.5088348389,-28.7615015838,-72.1223637202,309.321071886,3.11,CO10,2021-07-04T17:35:33.000000Z,2021-07-04T17:36:41.975000Z
54.5156478882,-29.1072219982,-70.9214332444,74.4008749685,2.97,CO10,2021-07-04T17:55:07.000000Z,2021-07-04T17:56:19.975000Z
-334.589447021,-31.5461115311,-73.7080120083,39.6326371119,3.15,CO10,2021-07-04T18:04:17.000000Z,2021-07-04T18:12:49.975000Z
19.4134216309,-29.3592746075,-71.6077948864,227.296578822,3.15,CO10,2021-07-04T18:22:13.000000Z,2021-07-04T18:24:37.975000Z
60.0489997864,-29.7751423466,-71.3604408921,170.692465246,2.85,CO10,2021-07-04T18:25:41.000000Z,2021-07-04T18:27:09.975000Z
39.3340988159,-29.4796351734,-71.1614955458,132.424595553,3.19,CO10,2021-07-04T18:32:53.000000Z,2021-07-04T18:36:23.975000Z
-137.513580322,-28.2670502237,-72.3337800881,141.474664505,3.27,CO10,2021-07-04T18:37:19.000000Z,2021-07-04T18:47:01.975000Z
96.2789916992,-29.6015156073,-72.3633018445,245.22534728,3.11,CO10,2021-07-04T18:51:15.000000Z,2021-07-04T18:51:51.975000Z
55.0899925232,-29.4342449167,-70.9384756188,113.062061105,2.95,CO10,2021-07-04T18:57:27.000000Z,2021-07-04T18:58:41.975000Z
80.0334014893,-29.7655197215,-72.0275876764,223.222084115,2.93,CO10,2021-07-04T19:03:23.000000Z,2021-07-04T19:04:15.975000Z
20.0176086426,-29.2697055474,-71.6641176531,260.666410579,3.12,CO10,2021-07-04T19:10:03.000000Z,2021-07-04T19:11:53.975000Z
73.9860610962,-29.2843295558,-72.2204718708,266.055566438,3.34,CO10,2021-07-04T19:12:27.000000Z,2021-07-04T19:14:07.975000Z
-32.6371307373,-29.1798403714,-71.1324547772,258.177817494,3.03,CO10,2021-07-04T19:16:53.000000Z,2021-07-04T19:19:05.975000Z
95.2441177368,-30.0969596605,-71.5409489235,184.648768362,3.57,CO10,2021-07-04T19:26:09.000000Z,2021-07-04T19:26:41.975000Z
67.6035766602,-29.0667193,-72.1268826091,286.398437937,3.15,CO10,2021-07-04T19:29:25.000000Z,2021-07-04T19:30:49.975000Z
92.2999038696,-29.169712005,-72.4065696959,274.650375961,3.48,CO10,2021-07-04T19:34:41.000000Z,2021-07-04T19:35:17.975000Z
30.4708709717,-28.9656784498,-71.4567908613,0.747645953485,5.17,CO10,2021-07-04T19:39:21.000000Z,2021-07-04T19:48:51.975000Z
28.9898529053,-29.4608415823,-71.2999118882,147.412530441,2.96,CO10,2021-07-04T19:53:05.000000Z,2021-07-04T19:54:33.975000Z
-94.6596679688,-29.7135616513,-70.6482425627,303.831402963,3.12,CO10,2021-07-04T19:55:43.000000Z,2021-07-04T19:59:01.975000Z
86.1835327148,-28.6170099405,-71.9889384967,323.185208429,3.64,CO10,2021-07-04T20:16:43.000000Z,2021-07-04T20:17:57.975000Z
79.5599594116,-29.8070498274,-70.9568866167,142.237309767,3.02,CO10,2021-07-04T20:17:59.000000Z,2021-07-04T20:18:45.975000Z
72.9752426147,-29.2117090359,-72.2107226083,272.329313756,4.47,CO10,2021-07-04T20:29:37.000000Z,2021-07-04T20:33:03.975000Z
60.2353172302,-28.7404291502,-71.2190205147,23.0916384422,2.98,CO10,2021-07-04T20:33:59.000000Z,2021-07-04T20:36:27.975000Z
84.7324066162,-29.1021819818,-72.3175172235,280.220504512,3.74,CO10,2021-07-04T20:38:31.000000Z,2021-07-04T20:39:53.975000Z
81.9799041748,-28.6667176074,-71.9914732526,320.751857915,3.48,CO10,2021-07-04T20:40:17.000000Z,2021-07-04T20:41:27.975000Z
75.6771316528,-29.1875226033,-72.236790038,274.266655933,3.21,CO10,2021-07-04T20:41:35.000000Z,2021-07-04T20:42:53.975000Z
-30.2527618408,-28.9795013279,-71.5515615822,163.012655185,3.09,CO10,2021-07-04T20:50:37.000000Z,2021-07-04T20:55:07.975000Z
75.6398773193,-29.8779825446,-71.1821811171,159.14913136,3.56,CO10,2021-07-04T21:00:51.000000Z,2021-07-04T21:03:51.975000Z
80.5256652832,-29.8679415383,-71.0419304235,149.824666388,3.26,CO10,2021-07-04T21:19:15.000000Z,2021-07-04T21:20:05.975000Z
66.4560089111,-29.5695164764,-72.0333275705,236.585212622,2.85,CO10,2021-07-04T21:23:09.000000Z,2021-07-04T21:24:11.975000Z
-6.34097194672,-29.1835279029,-71.4658432236,175.624886355,3.12,CO10,2021-07-04T21:24:15.000000Z,2021-07-04T21:27:13.975000Z
50.5738220215,-29.6967715998,-71.4523063556,179.061017923,2.97,CO10,2021-07-04T21:27:41.000000Z,2021-07-04T21:29:09.975000Z
82.759223938,-29.3092583975,-72.3088685719,264.514375232,4.03,CO10,2021-07-04T21:30:53.000000Z,2021-07-04T21:33:25.975000Z
67.6094207764,-29.3168016919,-70.7705845173,97.3480634476,4.13,CO10,2021-07-04T21:36:19.000000Z,2021-07-04T21:40:55.975000Z
81.845085144,-28.8962039646,-72.2043948622,297.616531875,3.5,CO10,2021-07-04T21:47:13.000000Z,2021-07-04T21:48:57.975000Z
87.899810791,-29.0804183889,-72.3457586184,281.434884826,3.22,CO10,2021-07-04T21:48:59.000000Z,2021-07-04T21:49:37.975000Z
35.8006744385,-29.5566467542,-71.384980502,168.145118874,3.24,CO10,2021-07-04T21:51:07.000000Z,2021-07-04T21:55:07.975000Z
47.593170166,-29.622132734,-71.235933763,152.758820033,3.65,CO10,2021-07-04T21:56:27.000000Z,2021-07-04T22:00:11.975000Z
74.0699920654,-29.8047639821,-71.0514454317,147.698141631,4.64,CO10,2021-07-04T22:11:29.000000Z,2021-07-04T22:15:17.975000Z
89.1793441772,-29.4744662352,-72.3396193664,252.884420887,3.47,CO10,2021-07-04T22:15:19.000000Z,2021-07-04T22:16:05.975000Z
84.6043701172,-29.4501597691,-70.6231610134,106.142334985,3.76,CO10,2021-07-04T22:16:11.000000Z,2021-07-04T22:17:35.975000Z
85.1371459961,-29.8450278092,-72.0028184791,217.96308434,3.49,CO10,2021-07-04T22:17:39.000000Z,2021-07-04T22:18:31.975000Z
77.3515853882,-29.4030942267,-72.2353017704,256.343365287,3.78,CO10,2021-07-04T22:18:33.000000Z,2021-07-04T22:22:21.975000Z
44.8420333862,-29.5442181639,-71.1556083927,138.714448458,3.03,CO10,2021-07-04T22:27:59.000000Z,2021-07-04T22:29:17.975000Z
80.1779937744,-29.3646289339,-72.2739134496,259.925990752,3.54,CO10,2021-07-04T22:33:25.000000Z,2021-07-04T22:34:55.975000Z
-80.1575775146,-29.007769808,-72.24066316,108.588020821,3.16,CO10,2021-07-04T22:38:29.000000Z,2021-07-04T22:41:57.975000Z
-8.03953456879,-29.1766752681,-71.4217400127,208.258191492,3.18,CO10,2021-07-04T22:42:55.000000Z,2021-07-04T22:45:29.975000Z
73.840713501,-29.8437954832,-71.1376250765,154.973003437,3.16,CO10,2021-07-04T22:48:41.000000Z,2021-07-04T22:50:17.975000Z
-100.307052612,-28.4791856961,-72.0166341252,147.141194346,2.64,CO10,2021-07-04T22:50:25.000000Z,2021-07-04T22:53:51.975000Z
-253.318374634,-31.4606276543,-72.0849202086,13.5440875392,3.06,CO10,2021-07-04T23:00:43.000000Z,2021-07-04T23:07:19.975000Z
-64.9770355225,-29.2966210551,-70.7953474458,275.649277467,2.99,CO10,2021-07-04T23:12:07.000000Z,2021-07-04T23:14:49.975000Z
77.4574890137,-29.034850656,-72.2215930156,286.934553145,5.4,CO10,2021-07-04T23:40:23.000000Z,2021-07-04T23:45:55.975000Z
-5.74814510345,-29.1918163586,-71.4407172408,199.936849083,2.9,CO10,2021-07-04T23:46:11.000000Z,2021-07-04T23:48:07.975000Z
22.3914794922,-29.2974508417,-71.6819477828,253.592274372,3.12,CO10,2021-07-04T23:51:35.000000Z,2021-07-04T23:55:23.975000Z
73.9285507202,-29.8379763406,-71.1217532513,153.684378967,4.16,CO10,2021-07-04T23:57:01.000000Z,2021-07-05T00:00:25.975000Z
40.9825668335,-29.2715791269,-71.8810257832,265.086526519,3.37,CO10,2021-07-05T00:01:01.000000Z,2021-07-05T00:03:19.975000Z
-223.163375854,-31.247210836,-71.6462064803,4.53836999355,3.16,CO10,2021-07-05T00:07:57.000000Z,2021-07-05T00:14:51.975000Z
37.9728317261,-29.3329707302,-71.8371804791,254.26086793,3.0,CO10,2021-07-05T00:14:55.000000Z,2021-07-05T00:17:21.975000Z
87.0442047119,-29.6973206069,-72.1908666888,234.255517058,3.2,CO10,2021-07-05T00:24:53.000000Z,2021-07-05T00:25:37.975000Z
-24.991607666,-29.0514647874,-71.6007533056,146.967366032,3.18,CO10,2021-07-05T00:25:39.000000Z,2021-07-05T00:32:55.975000Z
92.2718353271,-29.3966140382,-72.3939344055,258.967988419,3.48,CO10,2021-07-05T00:41:09.000000Z,2021-07-05T00:41:55.975000Z
83.8029632568,-29.8842342213,-71.9145134251,211.528035274,3.81,CO10,2021-07-05T00:42:01.000000Z,2021-07-05T00:43:51.975000Z
77.4848861694,-29.2072630385,-72.2569051797,272.536487054,3.04,CO10,2021-07-05T00:55:31.000000Z,2021-07-05T00:58:13.975000Z
-206.311538696,-27.6880393257,-72.6232964372,146.23074379,3.09,CO10,2021-07-05T01:00:03.000000Z,2021-07-05T01:06:15.975000Z
-23.8976287842,-29.4093254938,-71.6139947052,38.4526399705,3.16,CO10,2021-07-05T01:08:49.000000Z,2021-07-05T01:11:13.975000Z
1.63178324699,-29.2438399405,-71.4445032841,102.837138144,3.13,CO10,2021-07-05T01:11:29.000000Z,2021-07-05T01:14:47.975000Z
-14.028380394,-29.2945086574,-71.3302903778,295.257084007,3.06,CO10,2021-07-05T01:18:09.000000Z,2021-07-05T01:20:01.975000Z
85.2080917358,-29.6990837391,-70.7557609221,126.789689488,3.04,CO10,2021-07-05T01:33:27.000000Z,2021-07-05T01:34:05.975000Z
66.9604263306,-29.1414473883,-72.1400143637,279.277856444,3.07,CO10,2021-07-05T01:36:41.000000Z,2021-07-05T01:38:07.975000Z
-101.350296021,-29.5795202046,-70.4909754128,291.996051169,3.02,CO10,2021-07-05T01:38:09.000000Z,2021-07-05T01:44:47.975000Z
67.4900817871,-29.5959889574,-70.8961889326,125.851221496,2.94,CO10,2021-07-05T01:45:17.000000Z,2021-07-05T01:46:17.975000Z
80.494430542,-28.8188344656,-72.1336065962,305.336448807,3.64,CO10,2021-07-05T01:49:55.000000Z,2021-07-05T01:54:01.975000Z
-374.244598389,-28.6118087647,-67.6897142405,260.184936884,2.79,CO10,2021-07-05T01:59:41.000000Z,2021-07-05T02:08:25.975000Z
92.0324783325,-29.9280943737,-70.9283166321,146.031356908,3.21,CO10,2021-07-05T02:10:55.000000Z,2021-07-05T02:11:39.975000Z
82.9116516113,-29.9521110084,-71.1969479912,162.104171723,3.58,CO10,2021-07-05T02:11:47.000000Z,2021-07-05T02:13:15.975000Z
48.0862579346,-29.6737082865,-71.4330553383,176.790157609,2.67,CO10,2021-07-05T02:13:17.000000Z,2021-07-05T02:14:29.975000Z
85.5946350098,-29.0985940116,-72.3257585677,280.382981052,3.75,CO10,2021-07-05T02:14:57.000000Z,2021-07-05T02:16:05.975000Z
68.6530914307,-28.9710041885,-72.0958720062,295.643426828,4.87,CO10,2021-07-05T02:16:09.000000Z,2021-07-05T02:20:33.975000Z
54.9519729614,-29.593826258,-71.0635723667,135.539844833,3.71,CO10,2021-07-05T02:23:07.000000Z,2021-07-05T02:26:35.975000Z
71.6178741455,-28.5986788169,-71.3764914038,6.61766271135,2.93,CO10,2021-07-05T02:36:27.000000Z,2021-07-05T02:37:19.975000Z
73.9458847046,-29.2886635998,-72.2197325408,265.680589052,3.02,CO10,2021-07-05T02:37:21.000000Z,2021-07-05T02:38:19.975000Z
-148.684341431,-29.5967213145,-69.9837074964,285.758913665,3.11,CO10,2021-07-05T02:41:35.000000Z,2021-07-05T02:47:15.975000Z
64.9281616211,-29.8207043558,-71.3682746942,172.07654844,2.9,CO10,2021-07-05T02:52:35.000000Z,2021-07-05T02:53:41.975000Z
71.5038375854,-29.1043030636,-72.1793419762,282.019057245,2.96,CO10,2021-07-05T02:58:21.000000Z,2021-07-05T02:59:53.975000Z
12.6267938614,-29.2336299051,-71.5905130476,273.46102146,2.81,CO10,2021-07-05T03:07:13.000000Z,2021-07-05T03:09:15.975000Z
78.6055831909,-29.8832336256,-71.8037820912,204.923993668,3.08,CO10,2021-07-05T03:15:15.000000Z,2021-07-05T03:16:15.975000Z
80.6655349731,-28.6235331694,-71.8996004091,327.867658275,2.9,CO10,2021-07-05T03:37:47.000000Z,2021-07-05T03:38:29.975000Z
-238.325424194,-28.2138024242,-73.6044046514,118.002323271,2.99,CO10,2021-07-05T03:43:51.000000Z,2021-07-05T03:50:29.975000Z
74.307762146,-29.0433212581,-72.19072565,286.932668013,4.14,CO10,2021-07-05T04:01:21.000000Z,2021-07-05T04:11:15.975000Z
-278.986083984,-30.0719526805,-68.7409314616,289.957267023,2.98,CO10,2021-07-05T04:12:23.000000Z,2021-07-05T04:19:13.975000Z
-175.215988159,-27.6732762897,-71.6958328903,172.396652085,2.89,CO10,2021-07-05T04:35:27.000000Z,2021-07-05T04:39:53.975000Z
10.0665750504,-29.2533702265,-71.5633950893,261.87275859,2.73,CO10,2021-07-05T04:58:35.000000Z,2021-07-05T05:00:07.975000Z
-83.651763916,-28.9067985314,-72.2314103445,116.059243735,2.81,CO10,2021-07-05T05:12:07.000000Z,2021-07-05T05:15:05.975000Z
-68.5950164795,-29.0662236632,-70.7844001679,253.802398312,3.06,CO10,2021-07-05T05:21:23.000000Z,2021-07-05T05:25:47.975000Z
6.01162052155,-29.2918351357,-71.4406762611,160.95048447,2.98,CO10,2021-07-05T05:27:25.000000Z,2021-07-05T05:29:29.975000Z
-66.3387451172,-29.1735438369,-70.7829722645,263.735569743,2.91,CO10,2021-07-05T05:30:43.000000Z,2021-07-05T05:33:33.975000Z
-156.847579956,-28.3440755378,-70.2178020179,230.993719239,2.93,CO10,2021-07-05T05:49:17.000000Z,2021-07-05T05:53:27.975000Z
49.804107666,-29.6557942816,-71.2647077712,157.583542719,5.24,CO10,2021-07-05T06:06:33.000000Z,2021-07-05T06:12:55.975000Z
53.9693527222,-29.1103367037,-71.9954757902,285.383007373,3.73,CO10,2021-07-05T06:18:01.000000Z,2021-07-05T06:25:15.975000Z
78.0684967041,-29.4027612093,-72.2429777738,256.495296015,3.37,CO10,2021-07-05T06:38:17.000000Z,2021-07-05T06:39:35.975000Z
64.4577789307,-29.6840262077,-71.8907322705,220.202471143,3.13,CO10,2021-07-05T06:40:11.000000Z,2021-07-05T06:41:53.975000Z
63.0233802795,-29.7011495494,-71.0798735574,144.194514134,2.91,CO10,2021-07-05T06:41:55.000000Z,2021-07-05T06:43:03.975000Z
77.1571731567,-29.7850178758,-71.9567304958,218.419983015,3.34,CO10,2021-07-05T07:21:55.000000Z,2021-07-05T07:22:41.975000Z
71.5398178101,-28.8950238026,-72.0814041977,302.216910168,3.78,CO10,2021-07-05T07:27:27.000000Z,2021-07-05T07:32:11.975000Z
-294.978515625,-30.1213041026,-68.5849801056,290.034612085,3.01,CO10,2021-07-05T07:44:07.000000Z,2021-07-05T07:52:05.975000Z
-186.335281372,-28.4234449114,-69.7922543066,241.324954095,2.63,CO10,2021-07-05T07:53:49.000000Z,2021-07-05T07:58:29.975000Z
-80.2422637939,-28.5547790442,-71.1971794371,198.757999413,2.92,CO10,2021-07-05T08:00:49.000000Z,2021-07-05T08:09:21.975000Z
77.5219573975,-29.7241427188,-70.883392009,133.885012941,5.56,CO10,2021-07-05T08:24:09.000000Z,2021-07-05T08:34:15.975000Z
-100.296127319,-29.7046464817,-72.3485779223,58.926507668,3.32,CO10,2021-07-05T08:50:31.000000Z,2021-07-05T08:54:05.975000Z
-187.122085571,-30.109648303,-69.8035852502,301.393189354,3.1,CO10,2021-07-05T08:56:37.000000Z,2021-07-05T09:02:33.975000Z
80.1865997314,-29.8390917859,-71.9255360029,214.057732437,5.38,CO10,2021-07-05T09:02:41.000000Z,2021-07-05T09:08:17.975000Z
84.2425308228,-29.882419995,-70.9953530384,147.736622917,3.4,CO10,2021-07-05T09:09:27.000000Z,2021-07-05T09:10:35.975000Z
80.5413589478,-29.9322304393,-71.7155921868,197.780080249,3.59,CO10,2021-07-05T09:10:41.000000Z,2021-07-05T09:13:33.975000Z
70.8404006958,-28.7914879289,-71.9782716519,314.512343504,2.79,CO10,2021-07-05T09:16:55.000000Z,2021-07-05T09:17:59.975000Z
51.10206604,-29.6254206351,-71.1708815269,146.661933632,2.96,CO10,2021-07-05T09:18:07.000000Z,2021-07-05T09:19:29.975000Z
77.6754837036,-29.2550395611,-72.2597856773,268.621750471,3.04,CO10,2021-07-05T09:19:43.000000Z,2021-07-05T09:21:03.975000Z
46.9906005859,-28.9117232451,-71.1562643735,39.2099371947,3.22,CO10,2021-07-05T09:21:19.000000Z,2021-07-05T09:22:59.975000Z
73.8159179688,-29.2946050689,-72.2178925824,265.161057543,4.7,CO10,2021-07-05T09:30:51.000000Z,2021-07-05T09:34:55.975000Z
28.7307434082,-29.1831849143,-71.1727377122,77.2800182698,2.97,CO10,2021-07-05T09:36:41.000000Z,2021-07-05T09:38:21.975000Z
81.1293640137,-28.8238298383,-70.7761551617,55.4626830984,2.72,CO10,2021-07-05T09:40:43.000000Z,2021-07-05T09:41:25.975000Z
75.4555664063,-29.7371272063,-71.9931135213,223.030005535,4.43,CO10,2021-07-05T09:42:03.000000Z,2021-07-05T09:44:45.975000Z
37.3799285889,-29.5421134935,-71.2884518269,153.443368912,2.95,CO10,2021-07-05T09:44:51.000000Z,2021-07-05T09:46:13.975000Z
-0.411399096251,-29.2410709194,-71.4650632527,82.2427585886,3.1,CO10,2021-07-05T09:47:49.000000Z,2021-07-05T09:53:19.975000Z
75.3230361938,-29.0900987004,-70.7058229518,77.3917533344,3.77,CO10,2021-07-05T09:58:23.000000Z,2021-07-05T10:02:05.975000Z
13.9408960342,-29.1540866285,-71.3567874421,46.5851310642,3.08,CO10,2021-07-05T10:03:13.000000Z,2021-07-05T10:06:41.975000Z
58.2505187988,-28.7327979894,-71.6150589927,345.013919281,3.31,CO10,2021-07-05T10:09:47.000000Z,2021-07-05T10:12:21.975000Z
-3.15027546883,-29.212455683,-71.4561155949,188.438826672,3.0,CO10,2021-07-05T10:12:39.000000Z,2021-07-05T10:14:37.975000Z
70.6967849731,-29.841016811,-71.7068163207,199.645814722,3.91,CO10,2021-07-05T10:17:31.000000Z,2021-07-05T10:20:13.975000Z
83.5132446289,-29.8907533405,-71.8963079576,210.24105005,3.73,CO10,2021-07-05T10:20:17.000000Z,2021-07-05T10:21:47.975000Z
-398.026641846,-29.8880573631,-67.4205577428,281.380379916,2.81,CO10,2021-07-05T10:25:03.000000Z,2021-07-05T10:34:47.975000Z
83.3337173462,-29.1574203243,-72.3125025933,276.141706785,3.98,CO10,2021-07-05T10:41:47.000000Z,2021-07-05T10:44:25.975000Z
88.1386108398,-29.7166692896,-72.1887452915,233.041437273,3.46,CO10,2021-07-05T10:45:39.000000Z,2021-07-05T10:46:19.975000Z
77.6061706543,-29.6912081526,-72.0731941135,229.786251077,3.72,CO10,2021-07-05T10:46:21.000000Z,2021-07-05T10:47:39.975000Z
30.3064651489,-29.4329787713,-71.2391629397,134.77934425,3.14,CO10,2021-07-05T10:47:43.000000Z,2021-07-05T10:50:01.975000Z
-91.4411468506,-28.5719752111,-72.0102057123,144.000809969,2.92,CO10,2021-07-05T10:53:05.000000Z,2021-07-05T10:56:21.975000Z
88.402923584,-30.0322498417,-71.5712126303,186.915011468,3.23,CO10,2021-07-05T10:56:29.000000Z,2021-07-05T10:57:05.975000Z
-161.352767944,-27.8966523286,-72.0950923474,157.230271675,2.95,CO10,2021-07-05T10:59:27.000000Z,2021-07-05T11:04:53.975000Z
80.9375839233,-29.149939275,-72.2866555714,276.927998162,4.32,CO10,2021-07-05T11:07:21.000000Z,2021-07-05T11:13:01.975000Z
38.891784668,-29.5697644056,-71.3221981083,159.787316915,2.94,CO10,2021-07-05T11:20:45.000000Z,2021-07-05T11:22:03.975000Z
35.8196640015,-28.9196249652,-71.5040042919,353.256318364,3.5,CO10,2021-07-05T11:23:27.000000Z,2021-07-05T11:31:33.975000Z
25.0243988037,-29.0148489804,-71.4552580056,1.25193621554,2.93,CO10,2021-07-05T11:39:55.000000Z,2021-07-05T11:41:33.975000Z
82.5953521729,-29.9135694453,-71.0949537507,154.669743038,3.29,CO10,2021-07-05T11:42:39.000000Z,2021-07-05T11:44:45.975000Z
60.5425376892,-29.7504033807,-71.2368739823,159.030217766,3.11,CO10,2021-07-05T11:52:21.000000Z,2021-07-05T11:53:29.975000Z
75.2158508301,-29.9191108305,-71.4542657563,179.514187314,5.46,CO10,2021-07-05T11:58:23.000000Z,2021-07-05T12:04:25.975000Z
93.9935379028,-29.5376141016,-72.3678138182,249.272890062,3.18,CO10,2021-07-05T12:05:23.000000Z,2021-07-05T12:05:57.975000Z
72.4758377075,-29.6065320659,-70.8419337219,124.186212621,4.84,CO10,2021-07-05T12:06:09.000000Z,2021-07-05T12:10:45.975000Z
14.9079065323,-29.3247443524,-71.5805279612,231.227093143,3.01,CO10,2021-07-05T12:11:59.000000Z,2021-07-05T12:13:39.975000Z
79.5532608032,-29.9395912199,-71.6469673268,193.052892664,3.79,CO10,2021-07-05T12:18:05.000000Z,2021-07-05T12:21:59.975000Z
60.1551322937,-29.3547217396,-72.0661649935,257.710113461,2.86,CO10,2021-07-05T12:32:35.000000Z,2021-07-05T12:33:39.975000Z
-6.50649929047,-29.187633352,-71.4319509357,205.613405642,2.87,CO10,2021-07-05T12:36:13.000000Z,2021-07-05T12:38:07.975000Z
61.2386779785,-29.0202326844,-72.0379407412,293.362225607,2.96,CO10,2021-07-05T12:40:27.000000Z,2021-07-05T12:42:45.975000Z
-48.7562713623,-29.2843587141,-71.9600290003,84.164951406,3.1,CO10,2021-07-05T12:43:39.000000Z,2021-07-05T12:46:21.975000Z
67.3877792358,-29.8402928312,-71.5748434268,189.407292855,3.23,CO10,2021-07-05T12:47:11.000000Z,2021-07-05T12:48:27.975000Z
32.567489624,-29.5142133582,-71.3387055787,158.673490646,3.5,CO10,2021-07-05T12:49:13.000000Z,2021-07-05T12:52:57.975000Z
-11.4644231796,-29.1904592265,-71.5640120091,118.953003641,3.13,CO10,2021-07-05T12:59:45.000000Z,2021-07-05T13:03:53.975000Z
71.652633667,-28.6069765674,-71.314865393,11.4959682317,2.61,CO10,2021-07-05T13:04:03.000000Z,2021-07-05T13:04:57.975000Z
74.7232894897,-29.2693937977,-72.2289359179,267.361908418,4.54,CO10,2021-07-05T13:12:31.000000Z,2021-07-05T13:16:31.975000Z
90.3951873779,-28.801069409,-72.2425172132,302.417471843,3.61,CO10,2021-07-05T13:18:57.000000Z,2021-07-05T13:19:31.975000Z
70.9494171143,-28.9538074207,-72.1124733308,296.455454358,3.46,CO10,2021-07-05T13:24:35.000000Z,2021-07-05T13:26:45.975000Z
77.8518981934,-29.9366423543,-71.3537053746,172.362637743,3.25,CO10,2021-07-05T13:27:13.000000Z,2021-07-05T13:28:27.975000Z
-121.788604736,-28.2744067972,-70.866815906,208.592966384,2.85,CO10,2021-07-05T13:28:31.000000Z,2021-07-05T13:33:11.975000Z
73.3205413818,-28.8882235807,-72.09812413,302.028342305,3.64,CO10,2021-07-05T13:33:57.000000Z,2021-07-05T13:35:27.975000Z
-26.3994903564,-29.086790198,-71.6680925227,130.163557051,3.45,CO10,2021-07-05T13:35:31.000000Z,2021-07-05T13:42:09.975000Z
-296.864898682,-26.7678410214,-70.2997953058,202.89889722,2.99,CO10,2021-07-05T13:47:49.000000Z,2021-07-05T13:54:37.975000Z
80.7783279419,-29.9690606205,-71.4388405567,178.491680674,4.55,CO10,2021-07-05T13:57:31.000000Z,2021-07-05T14:04:29.975000Z
55.773563385,-29.0652353579,-70.9235528449,69.7390659543,2.82,CO10,2021-07-05T14:04:37.000000Z,2021-07-05T14:06:35.975000Z
-279.808349609,-27.3909647268,-69.5186769824,223.364247672,3.0,CO10,2021-07-05T14:16:13.000000Z,2021-07-05T14:23:29.975000Z
-424.2918396,-26.8523677033,-68.0873394,232.216077214,2.8,CO10,2021-07-05T14:28:43.000000Z,2021-07-05T14:37:57.975000Z
-211.810958862,-30.2367499443,-69.5923638617,301.881875729,3.05,CO10,2021-07-05T14:39:33.000000Z,2021-07-05T14:45:11.975000Z
-123.844924927,-30.3432131421,-71.6672540832,9.2211318937,3.05,CO10,2021-07-05T14:47:27.000000Z,2021-07-05T14:53:47.975000Z
13.2054452896,-29.2785300793,-71.3320847283,108.610854144,2.6,CO10,2021-07-05T15:04:57.000000Z,2021-07-05T15:06:53.975000Z
57.6420211792,-29.2262600025,-72.0535539496,271.432045465,2.73,CO10,2021-07-05T15:13:17.000000Z,2021-07-05T15:14:29.975000Z
-48.5280303955,-28.802925331,-71.475589582,178.303140132,3.65,CO10,2021-07-05T15:14:55.000000Z,2021-07-05T15:17:59.975000Z
-30.5367431641,-28.9908079367,-71.3284382212,204.999590201,3.19,CO10,2021-07-05T15:18:13.000000Z,2021-07-05T15:20:21.975000Z
-52.7117614746,-28.7649990453,-71.4649069366,179.57146528,3.23,CO10,2021-07-05T15:20:25.000000Z,2021-07-05T15:24:35.975000Z
51.6557769775,-29.2120292639,-71.9911696054,273.381545379,2.95,CO10,2021-07-05T15:31:19.000000Z,2021-07-05T15:32:29.975000Z
-132.585693359,-28.1360873862,-71.9820931656,157.28065115,2.95,CO10,2021-07-05T15:35:47.000000Z,2021-07-05T15:42:25.975000Z
5.46805667877,-29.2579254578,-71.5135272414,249.389522372,3.18,CO10,2021-07-05T15:42:39.000000Z,2021-07-05T15:45:19.975000Z
3.25380015373,-29.2676480697,-71.4479412488,157.28390232,2.73,CO10,2021-07-05T15:50:35.000000Z,2021-07-05T15:52:33.975000Z
57.7048873901,-29.5424165784,-70.9765193734,125.555132795,3.01,CO10,2021-07-05T15:52:35.000000Z,2021-07-05T15:54:25.975000Z
-68.1178741455,-28.810865121,-71.9608007425,134.239800287,2.79,CO10,2021-07-05T15:59:31.000000Z,2021-07-05T16:02:31.975000Z
7.34752750397,-29.213825014,-71.530018648,293.777501109,3.1,CO10,2021-07-05T16:06:37.000000Z,2021-07-05T16:11:47.975000Z
69.0014266968,-29.5376846841,-70.8362248888,118.660685205,2.83,CO10,2021-07-05T16:12:07.000000Z,2021-07-05T16:13:19.975000Z
-208.389846802,-28.7585822058,-73.5281036136,104.350810517,3.04,CO10,2021-07-05T16:14:13.000000Z,2021-07-05T16:23:13.975000Z
-195.540969849,-29.8626081909,-69.5728110738,291.110503483,3.03,CO10,2021-07-05T16:28:11.000000Z,2021-07-05T16:33:31.975000Z
82.2067947388,-29.2031919238,-72.3052846492,272.68257114,3.32,CO10,2021-07-05T16:37:45.000000Z,2021-07-05T16:38:55.975000Z
23.0196990967,-29.039829123,-71.5215427765,345.124431742,4.04,CO10,2021-07-05T16:39:19.000000Z,2021-07-05T16:49:03.975000Z
-252.518081665,-31.3445508265,-72.4668457414,22.2824454407,2.88,CO10,2021-07-05T16:52:51.000000Z,2021-07-05T16:58:37.975000Z
77.0635910034,-29.8950687665,-71.7291026014,199.645295628,3.31,CO10,2021-07-05T16:58:45.000000Z,2021-07-05T17:00:09.975000Z
-171.192398071,-29.3923462578,-69.7070675564,276.068432516,3.03,CO10,2021-07-05T17:00:17.000000Z,2021-07-05T17:07:19.975000Z
-8.49344539642,-29.171034902,-71.4975706301,155.143703525,3.06,CO10,2021-07-05T17:11:53.000000Z,2021-07-05T17:13:53.975000Z
52.2504730225,-28.8613706877,-71.7796159758,323.472677431,2.69,CO10,2021-07-05T17:18:33.000000Z,2021-07-05T17:19:45.975000Z
80.5567626953,-29.208781573,-72.2886181371,272.304697755,3.43,CO10,2021-07-05T17:23:27.000000Z,2021-07-05T17:24:11.975000Z
13.9604654312,-29.1514334619,-71.5622870812,315.023241654,2.94,CO10,2021-07-05T17:28:13.000000Z,2021-07-05T17:30:15.975000Z
47.0435333252,-29.6639456054,-71.4269543681,175.997801023,2.81,CO10,2021-07-05T17:35:35.000000Z,2021-07-05T17:36:39.975000Z
93.2221755981,-28.546232233,-72.0002814632,325.509658408,3.26,CO10,2021-07-05T17:39:09.000000Z,2021-07-05T17:39:57.975000Z
-31.1376800537,-29.3040453238,-71.1487516134,283.135137476,3.0,CO10,2021-07-05T17:43:17.000000Z,2021-07-05T17:45:19.975000Z
95.7215881348,-29.9917126892,-71.9484594975,209.441726672,3.23,CO10,2021-07-05T17:45:59.000000Z,2021-07-05T17:46:33.975000Z
80.6788482666,-28.7615973731,-72.0843695633,310.996408006,3.92,CO10,2021-07-05T17:46:47.000000Z,2021-07-05T17:50:35.975000Z
78.7010574341,-29.9436948199,-71.3480403328,172.044214324,3.83,CO10,2021-07-05T17:55:15.000000Z,2021-07-05T17:57:49.975000Z
-8.98767757416,-29.3028710436,-71.5200639519,39.7817572169,3.37,CO10,2021-07-05T18:03:15.000000Z,2021-07-05T18:06:11.975000Z
-20.7362518311,-29.2708248528,-71.2503381815,279.358124827,3.26,CO10,2021-07-05T18:10:49.000000Z,2021-07-05T18:15:01.975000Z
61.8144798279,,,,3.5,CO10,2021-07-05T18:20:45.000000Z,2021-07-05T18:23:39.975000Z
-165.487960815,-29.9057737338,-69.9318549604,296.834557177,2.88,CO10,2021-07-05T18:25:07.000000Z,2021-07-05T18:29:29.975000Z
-218.253311157,-31.1219052238,-70.7928352699,343.02229076,3.23,CO10,2021-07-05T18:35:13.000000Z,2021-07-05T18:41:13.975000Z
35.5321807861,-29.320004589,-71.1066213125,104.433421655,2.83,CO10,2021-07-05T18:48:37.000000Z,2021-07-05T18:49:59.975000Z
-270.914398193,-29.2825597385,-68.6738178596,271.665392048,3.11,CO10,2021-07-05T18:58:23.000000Z,2021-07-05T19:05:47.975000Z
-53.810043335,-28.9008036653,-71.8556053883,134.318374783,3.0,CO10,2021-07-05T19:09:17.000000Z,2021-07-05T19:12:11.975000Z
46.8303527832,-28.9698233012,-71.8302153758,309.761482484,2.81,CO10,2021-07-05T19:14:25.000000Z,2021-07-05T19:15:31.975000Z
45.8698043823,-29.6021375202,-71.2309376095,150.949584884,3.06,CO10,2021-07-05T19:16:01.000000Z,2021-07-05T19:17:39.975000Z
70.0839157104,-29.6617392301,-70.9220496481,131.899763817,3.03,CO10,2021-07-05T19:31:27.000000Z,2021-07-05T19:32:35.975000Z
45.6107711792,-28.924022395,-71.1615321432,39.7880273306,3.15,CO10,2021-07-05T19:32:43.000000Z,2021-07-05T19:35:47.975000Z
-89.6726074219,-28.9241406474,-70.6132059142,247.182742893,3.05,CO10,2021-07-05T19:44:03.000000Z,2021-07-05T19:47:37.975000Z
-108.997573853,-28.5811864275,-70.6316463268,228.096189069,3.01,CO10,2021-07-05T19:53:49.000000Z,2021-07-05T19:57:47.975000Z
-36.1378936768,-29.5538751998,-71.5638688516,16.035002888,3.0,CO10,2021-07-05T20:06:21.000000Z,2021-07-05T20:08:37.975000Z
87.9172286987,-29.1019191859,-72.3507322936,279.849871127,2.8,CO10,2021-07-05T20:14:21.000000Z,2021-07-05T20:14:59.975000Z
67.2451400757,-29.2734267385,-72.151700115,266.726700825,2.77,CO10,2021-07-05T20:19:29.000000Z,2021-07-05T20:20:29.975000Z
94.7682571411,-29.9861075563,-71.9397859442,209.188094427,3.39,CO10,2021-07-05T20:26:13.000000Z,2021-07-05T20:26:45.975000Z
-12.1885061264,-29.2495760047,-71.3359056047,274.728240117,3.26,CO10,2021-07-05T20:28:01.000000Z,2021-07-05T20:30:11.975000Z
-28.779800415,-29.2360803042,-71.1648700314,269.081531485,2.96,CO10,2021-07-05T20:30:21.000000Z,2021-07-05T20:32:43.975000Z
-37.786026001,-29.568794608,-71.3557010157,344.353412667,2.98,CO10,2021-07-05T20:33:49.000000Z,2021-07-05T20:36:05.975000Z
68.2515563965,-29.7276240054,-71.0302952143,142.384541325,3.27,CO10,2021-07-05T20:37:55.000000Z,2021-07-05T20:39:19.975000Z
-18.986907959,-29.1561110568,-71.6307242192,119.499282171,3.1,CO10,2021-07-05T20:40:07.000000Z,2021-07-05T20:42:33.975000Z
83.8570556641,-29.8520426887,-70.951416745,144.051640237,3.01,CO10,2021-07-05T20:46:59.000000Z,2021-07-05T20:47:41.975000Z
-9.82422542572,-29.1659187509,-71.5153328616,147.363298438,2.9,CO10,2021-07-05T20:52:39.000000Z,2021-07-05T20:54:55.975000Z
85.2926483154,-29.2524159534,-72.3382027423,268.903646038,2.93,CO10,2021-07-05T20:56:17.000000Z,2021-07-05T20:57:11.975000Z
98.0902099609,-30.0041960574,-71.9726751184,210.227075483,3.73,CO10,2021-07-05T20:58:03.000000Z,2021-07-05T20:58:37.975000Z
-56.292175293,-29.0843727313,-70.9102892227,252.222657519,2.99,CO10,2021-07-05T21:00:25.000000Z,2021-07-05T21:02:57.975000Z
35.6069030762,-28.9340293814,-71.3514527709,17.4343874131,2.99,CO10,2021-07-05T21:04:01.000000Z,2021-07-05T21:05:41.975000Z
91.1158065796,-29.0474821556,-72.3710840142,283.362719379,3.49,CO10,2021-07-05T21:06:33.000000Z,2021-07-05T21:07:13.975000Z
81.5246276855,-29.9345978164,-71.7393808108,199.259526544,3.94,CO10,2021-07-05T21:07:35.000000Z,2021-07-05T21:08:47.975000Z
82.7211380005,-29.2425783932,-72.3118087509,269.637973336,4.33,CO10,2021-07-05T21:08:49.000000Z,2021-07-05T21:14:11.975000Z
84.7395935059,-29.9730780351,-71.2105099387,163.432206385,3.08,CO10,2021-07-05T21:14:19.000000Z,2021-07-05T21:15:03.975000Z
73.5323028564,-29.0547744719,-72.1863570611,286.086680783,3.62,CO10,2021-07-05T21:15:05.000000Z,2021-07-05T21:16:37.975000Z
71.0620422363,-29.8631956924,-71.6355978886,193.743192562,2.98,CO10,2021-07-05T21:16:59.000000Z,2021-07-05T21:18:19.975000Z
93.4239349365,-30.0715837646,-71.6218280056,189.562324488,4.48,CO10,2021-07-05T21:18:53.000000Z,2021-07-05T21:19:35.975000Z
-230.002029419,-27.6291496401,-72.9404775393,140.581193799,3.01,CO10,2021-07-05T21:20:07.000000Z,2021-07-05T21:26:39.975000Z
-115.628540039,-28.2075682488,-71.6266364937,171.908798994,3.26,CO10,2021-07-05T21:30:13.000000Z,2021-07-05T21:35:45.975000Z
26.5647201538,-29.4792960462,-71.4850446918,185.063538429,2.96,CO10,2021-07-05T21:37:59.000000Z,2021-07-05T21:39:37.975000Z
-34.7871246338,-29.4960274242,-71.6690090799,35.4642614539,2.66,CO10,2021-07-05T21:45:11.000000Z,2021-07-05T21:47:29.975000Z
72.6602630615,-29.3492472424,-72.1983563771,260.276980513,2.93,CO10,2021-07-05T21:47:51.000000Z,2021-07-05T21:49:21.975000Z
-40.8706512451,-28.8723523154,-71.4384007698,183.074505381,3.18,CO10,2021-07-05T21:51:29.000000Z,2021-07-05T21:54:27.975000Z
74.2591934204,-28.9659340115,-72.1567037974,294.02991758,2.8,CO10,2021-07-05T21:57:25.000000Z,2021-07-05T21:58:13.975000Z
-19.821472168,-29.0873358432,-71.3558285909,211.059716524,3.12,CO10,2021-07-05T22:00:31.000000Z,2021-07-05T22:03:29.975000Z
-106.64642334,-29.5658262351,-70.4267663553,290.011553366,2.8,CO10,2021-07-05T22:04:37.000000Z,2021-07-05T22:08:05.975000Z
-15.6420278549,-29.242033362,-71.2999718652,270.633432427,3.03,CO10,2021-07-05T22:11:05.000000Z,2021-07-05T22:13:31.975000Z
-92.4122619629,-28.9382355512,-70.5762405626,248.954767171,3.26,CO10,2021-07-05T22:16:05.000000Z,2021-07-05T22:19:43.975000Z
80.2704162598,-29.6344974336,-70.766662193,123.123885979,3.44,CO10,2021-07-05T22:20:23.000000Z,2021-07-05T22:22:07.975000Z
-80.5052947998,-28.6621541713,-71.9603870804,142.659524741,3.11,CO10,2021-07-05T22:22:33.000000Z,2021-07-05T22:25:33.975000Z
-12.8898229599,-29.1465859234,-71.3828132501,216.102062697,2.89,CO10,2021-07-05T22:28:35.000000Z,2021-07-05T22:30:35.975000Z
33.7239837646,-29.3938167495,-71.7607866815,239.68303126,2.98,CO10,2021-07-05T22:34:03.000000Z,2021-07-05T22:35:49.975000Z
63.2776374817,-29.7957300265,-71.30880631,166.564831666,2.48,CO10,2021-07-05T22:36:09.000000Z,2021-07-05T22:37:11.975000Z
-90.8597564697,-29.7531687596,-70.7296795789,308.886671855,3.03,CO10,2021-07-05T22:39:09.000000Z,2021-07-05T22:42:07.975000Z
-119.453796387,-28.8703463582,-72.612826835,109.810740796,2.74,CO10,2021-07-05T22:43:51.000000Z,2021-07-05T22:47:27.975000Z
-129.122116089,-28.2667114797,-70.7352295635,213.465172546,3.26,CO10,2021-07-05T22:50:03.000000Z,2021-07-05T22:54:27.975000Z
20.2205123901,-29.3910663709,-71.3432229274,145.613472274,3.09,CO10,2021-07-05T22:55:51.000000Z,2021-07-05T22:57:49.975000Z
60.6446266174,-29.5403344632,-70.9382346808,123.35030675,3.33,CO10,2021-07-05T22:57:51.000000Z,2021-07-05T22:59:15.975000Z
50.5279388428,-29.0785493643,-70.9754181706,69.2998711303,2.62,CO10,2021-07-05T23:00:23.000000Z,2021-07-05T23:01:37.975000Z
33.4924926758,-29.3658179623,-71.1471400688,114.564429515,2.72,CO10,2021-07-05T23:05:41.000000Z,2021-07-05T23:07:03.975000Z
-278.107177734,-27.9216862224,-69.0422636077,238.876522522,2.94,CO10,2021-07-05T23:08:43.000000Z,2021-07-05T23:17:17.975000Z
-89.0564422607,-29.9663683808,-71.066601731,334.702655898,2.99,CO10,2021-07-05T23:20:21.000000Z,2021-07-05T23:25:33.975000Z
